<?xml version='1.0' encoding='UTF-8'?>
<BugCollection version='3.0.1' threshold='medium' effort='min'><file classname='com.cts.rabo.file.helper.FileHandlingHelper'><BugInstance type='BX_BOXING_IMMEDIATELY_UNBOXED' priority='Normal' category='PERFORMANCE' message='Primitive value is boxed and then immediately unboxed in com.cts.rabo.file.helper.FileHandlingHelper.setTransactionStatus(TransactionRecord)' lineNumber='186'/><BugInstance type='DM_DEFAULT_ENCODING' priority='High' category='I18N' message='Found reliance on default encoding in com.cts.rabo.file.helper.FileHandlingHelper.getTransactionRecordsfromCSV(byte[]): new java.io.InputStreamReader(InputStream)' lineNumber='67'/><BugInstance type='DM_DEFAULT_ENCODING' priority='High' category='I18N' message='Found reliance on default encoding in com.cts.rabo.file.helper.FileHandlingHelper.getTransactionRecordsfromXML(byte[]): new String(byte[])' lineNumber='105'/></file><Error></Error><Project><SrcDir>C:\Users\550072\workspace\RaboAssignment\src\main\java</SrcDir><SrcDir>C:\Users\550072\workspace\RaboAssignment\target\generated-sources\annotations</SrcDir><SrcDir>C:\Users\550072\workspace\RaboAssignment\src\test\java</SrcDir><SrcDir>C:\Users\550072\workspace\RaboAssignment\target\generated-test-sources\test-annotations</SrcDir></Project></BugCollection>