
<BugCollection sequence='0' release='' analysisTimestamp='1547382316249' version='3.0.1' timestamp='1547382303852'><Project projectName='Rabo Assignment'><Jar>C:\Users\550072\workspace\RaboAssignment\target\classes</Jar><AuxClasspathEntry>C:\Users\550072\.m2\repository\org\codehaus\mojo\findbugs-maven-plugin\3.0.3\findbugs-maven-plugin-3.0.3.jar</AuxClasspathEntry><AuxClasspathEntry>C:\Users\550072\.m2\repository\com\google\code\findbugs\findbugs\3.0.1\findbugs-3.0.1.jar</AuxClasspathEntry><AuxClasspathEntry>C:\Users\550072\.m2\repository\net\jcip\jcip-annotations\1.0\jcip-annotations-1.0.jar</AuxClasspathEntry><AuxClasspathEntry>C:\Users\550072\.m2\repository\com\google\code\findbugs\jsr305\2.0.1\jsr305-2.0.1.jar</AuxClasspathEntry><AuxClasspathEntry>C:\Users\550072\.m2\repository\com\google\code\findbugs\bcel-findbugs\6.0\bcel-findbugs-6.0.jar</AuxClasspathEntry><AuxClasspathEntry>C:\Users\550072\.m2\repository\com\google\code\findbugs\jFormatString\2.0.1\jFormatString-2.0.1.jar</AuxClasspathEntry><AuxClasspathEntry>C:\Users\550072\.m2\repository\dom4j\dom4j\1.6.1\dom4j-1.6.1.jar</AuxClasspathEntry><AuxClasspathEntry>C:\Users\550072\.m2\repository\xml-apis\xml-apis\1.0.b2\xml-apis-1.0.b2.jar</AuxClasspathEntry><AuxClasspathEntry>C:\Users\550072\.m2\repository\org\ow2\asm\asm-debug-all\5.0.2\asm-debug-all-5.0.2.jar</AuxClasspathEntry><AuxClasspathEntry>C:\Users\550072\.m2\repository\org\ow2\asm\asm-commons\5.0.2\asm-commons-5.0.2.jar</AuxClasspathEntry><AuxClasspathEntry>C:\Users\550072\.m2\repository\org\ow2\asm\asm-tree\5.0.2\asm-tree-5.0.2.jar</AuxClasspathEntry><AuxClasspathEntry>C:\Users\550072\.m2\repository\org\ow2\asm\asm\5.0.2\asm-5.0.2.jar</AuxClasspathEntry><AuxClasspathEntry>C:\Users\550072\.m2\repository\commons-lang\commons-lang\2.6\commons-lang-2.6.jar</AuxClasspathEntry><AuxClasspathEntry>C:\Users\550072\.m2\repository\com\apple\AppleJavaExtensions\1.4\AppleJavaExtensions-1.4.jar</AuxClasspathEntry><AuxClasspathEntry>C:\Users\550072\.m2\repository\jaxen\jaxen\1.1.6\jaxen-1.1.6.jar</AuxClasspathEntry><AuxClasspathEntry>C:\Users\550072\.m2\repository\org\apache\ant\ant\1.9.4\ant-1.9.4.jar</AuxClasspathEntry><AuxClasspathEntry>C:\Users\550072\.m2\repository\org\apache\ant\ant-launcher\1.9.4\ant-launcher-1.9.4.jar</AuxClasspathEntry><AuxClasspathEntry>C:\Users\550072\.m2\repository\org\codehaus\groovy\groovy-all\2.4.3\groovy-all-2.4.3.jar</AuxClasspathEntry><AuxClasspathEntry>C:\Users\550072\.m2\repository\org\apache\maven\reporting\maven-reporting-impl\2.1\maven-reporting-impl-2.1.jar</AuxClasspathEntry><AuxClasspathEntry>C:\Users\550072\.m2\repository\org\apache\maven\maven-project\2.0.10\maven-project-2.0.10.jar</AuxClasspathEntry><AuxClasspathEntry>C:\Users\550072\.m2\repository\org\apache\maven\maven-settings\2.0.10\maven-settings-2.0.10.jar</AuxClasspathEntry><AuxClasspathEntry>C:\Users\550072\.m2\repository\org\apache\maven\maven-profile\2.0.10\maven-profile-2.0.10.jar</AuxClasspathEntry><AuxClasspathEntry>C:\Users\550072\.m2\repository\org\apache\maven\maven-plugin-registry\2.0.10\maven-plugin-registry-2.0.10.jar</AuxClasspathEntry><AuxClasspathEntry>C:\Users\550072\.m2\repository\org\codehaus\plexus\plexus-interpolation\1.1\plexus-interpolation-1.1.jar</AuxClasspathEntry><AuxClasspathEntry>C:\Users\550072\.m2\repository\commons-validator\commons-validator\1.2.0\commons-validator-1.2.0.jar</AuxClasspathEntry><AuxClasspathEntry>C:\Users\550072\.m2\repository\commons-beanutils\commons-beanutils\1.7.0\commons-beanutils-1.7.0.jar</AuxClasspathEntry><AuxClasspathEntry>C:\Users\550072\.m2\repository\commons-digester\commons-digester\1.6\commons-digester-1.6.jar</AuxClasspathEntry><AuxClasspathEntry>C:\Users\550072\.m2\repository\commons-logging\commons-logging\1.0.4\commons-logging-1.0.4.jar</AuxClasspathEntry><AuxClasspathEntry>C:\Users\550072\.m2\repository\oro\oro\2.0.8\oro-2.0.8.jar</AuxClasspathEntry><AuxClasspathEntry>C:\Users\550072\.m2\repository\org\apache\maven\reporting\maven-reporting-api\3.0\maven-reporting-api-3.0.jar</AuxClasspathEntry><AuxClasspathEntry>C:\Users\550072\.m2\repository\org\apache\maven\maven-plugin-api\2.0\maven-plugin-api-2.0.jar</AuxClasspathEntry><AuxClasspathEntry>C:\Users\550072\.m2\repository\org\apache\maven\maven-plugin-descriptor\2.2.1\maven-plugin-descriptor-2.2.1.jar</AuxClasspathEntry><AuxClasspathEntry>C:\Users\550072\.m2\repository\org\apache\maven\maven-artifact\2.2.1\maven-artifact-2.2.1.jar</AuxClasspathEntry><AuxClasspathEntry>C:\Users\550072\.m2\repository\org\apache\maven\doxia\doxia-core\1.4\doxia-core-1.4.jar</AuxClasspathEntry><AuxClasspathEntry>C:\Users\550072\.m2\repository\org\apache\maven\doxia\doxia-logging-api\1.4\doxia-logging-api-1.4.jar</AuxClasspathEntry><AuxClasspathEntry>C:\Users\550072\.m2\repository\org\codehaus\plexus\plexus-component-annotations\1.5.5\plexus-component-annotations-1.5.5.jar</AuxClasspathEntry><AuxClasspathEntry>C:\Users\550072\.m2\repository\xerces\xercesImpl\2.9.1\xercesImpl-2.9.1.jar</AuxClasspathEntry><AuxClasspathEntry>C:\Users\550072\.m2\repository\org\apache\httpcomponents\httpclient\4.0.2\httpclient-4.0.2.jar</AuxClasspathEntry><AuxClasspathEntry>C:\Users\550072\.m2\repository\commons-codec\commons-codec\1.3\commons-codec-1.3.jar</AuxClasspathEntry><AuxClasspathEntry>C:\Users\550072\.m2\repository\org\apache\httpcomponents\httpcore\4.0.1\httpcore-4.0.1.jar</AuxClasspathEntry><AuxClasspathEntry>C:\Users\550072\.m2\repository\org\apache\maven\doxia\doxia-sink-api\1.4\doxia-sink-api-1.4.jar</AuxClasspathEntry><AuxClasspathEntry>C:\Users\550072\.m2\repository\org\apache\maven\doxia\doxia-decoration-model\1.4\doxia-decoration-model-1.4.jar</AuxClasspathEntry><AuxClasspathEntry>C:\Users\550072\.m2\repository\org\apache\maven\doxia\doxia-site-renderer\1.4\doxia-site-renderer-1.4.jar</AuxClasspathEntry><AuxClasspathEntry>C:\Users\550072\.m2\repository\org\apache\maven\doxia\doxia-module-xhtml\1.4\doxia-module-xhtml-1.4.jar</AuxClasspathEntry><AuxClasspathEntry>C:\Users\550072\.m2\repository\org\apache\maven\doxia\doxia-module-fml\1.4\doxia-module-fml-1.4.jar</AuxClasspathEntry><AuxClasspathEntry>C:\Users\550072\.m2\repository\org\codehaus\plexus\plexus-i18n\1.0-beta-7\plexus-i18n-1.0-beta-7.jar</AuxClasspathEntry><AuxClasspathEntry>C:\Users\550072\.m2\repository\org\codehaus\plexus\plexus-velocity\1.1.7\plexus-velocity-1.1.7.jar</AuxClasspathEntry><AuxClasspathEntry>C:\Users\550072\.m2\repository\org\apache\velocity\velocity\1.5\velocity-1.5.jar</AuxClasspathEntry><AuxClasspathEntry>C:\Users\550072\.m2\repository\org\apache\velocity\velocity-tools\2.0\velocity-tools-2.0.jar</AuxClasspathEntry><AuxClasspathEntry>C:\Users\550072\.m2\repository\commons-chain\commons-chain\1.1\commons-chain-1.1.jar</AuxClasspathEntry><AuxClasspathEntry>C:\Users\550072\.m2\repository\sslext\sslext\1.2-0\sslext-1.2-0.jar</AuxClasspathEntry><AuxClasspathEntry>C:\Users\550072\.m2\repository\org\apache\struts\struts-core\1.3.8\struts-core-1.3.8.jar</AuxClasspathEntry><AuxClasspathEntry>C:\Users\550072\.m2\repository\antlr\antlr\2.7.2\antlr-2.7.2.jar</AuxClasspathEntry><AuxClasspathEntry>C:\Users\550072\.m2\repository\org\apache\struts\struts-taglib\1.3.8\struts-taglib-1.3.8.jar</AuxClasspathEntry><AuxClasspathEntry>C:\Users\550072\.m2\repository\org\apache\struts\struts-tiles\1.3.8\struts-tiles-1.3.8.jar</AuxClasspathEntry><AuxClasspathEntry>C:\Users\550072\.m2\repository\commons-collections\commons-collections\3.2.1\commons-collections-3.2.1.jar</AuxClasspathEntry><AuxClasspathEntry>C:\Users\550072\.m2\repository\org\apache\maven\shared\maven-doxia-tools\1.2.1\maven-doxia-tools-1.2.1.jar</AuxClasspathEntry><AuxClasspathEntry>C:\Users\550072\.m2\repository\commons-io\commons-io\1.4\commons-io-1.4.jar</AuxClasspathEntry><AuxClasspathEntry>C:\Users\550072\.m2\repository\org\apache\maven\maven-artifact-manager\2.0.6\maven-artifact-manager-2.0.6.jar</AuxClasspathEntry><AuxClasspathEntry>C:\Users\550072\.m2\repository\org\apache\maven\maven-repository-metadata\2.0.6\maven-repository-metadata-2.0.6.jar</AuxClasspathEntry><AuxClasspathEntry>C:\Users\550072\.m2\repository\org\apache\maven\maven-model\2.0.6\maven-model-2.0.6.jar</AuxClasspathEntry><AuxClasspathEntry>C:\Users\550072\.m2\repository\org\codehaus\plexus\plexus-container-default\1.0-alpha-9\plexus-container-default-1.0-alpha-9.jar</AuxClasspathEntry><AuxClasspathEntry>C:\Users\550072\.m2\repository\classworlds\classworlds\1.1-alpha-2\classworlds-1.1-alpha-2.jar</AuxClasspathEntry><AuxClasspathEntry>C:\Users\550072\.m2\repository\org\codehaus\plexus\plexus-resources\1.0-alpha-7\plexus-resources-1.0-alpha-7.jar</AuxClasspathEntry><AuxClasspathEntry>C:\Users\550072\.m2\repository\org\codehaus\plexus\plexus-utils\1.5.6\plexus-utils-1.5.6.jar</AuxClasspathEntry><AuxClasspathEntry>C:\Users\550072\.m2\repository\org\sonatype\plexus\plexus-build-api\0.0.7\plexus-build-api-0.0.7.jar</AuxClasspathEntry><AuxClasspathEntry>C:\Users\550072\.m2\repository\org\springframework\spring-core\4.3.9.RELEASE\spring-core-4.3.9.RELEASE.jar</AuxClasspathEntry><AuxClasspathEntry>C:\Users\550072\.m2\repository\commons-logging\commons-logging\1.2\commons-logging-1.2.jar</AuxClasspathEntry><AuxClasspathEntry>C:\Users\550072\.m2\repository\org\springframework\spring-webmvc\4.3.9.RELEASE\spring-webmvc-4.3.9.RELEASE.jar</AuxClasspathEntry><AuxClasspathEntry>C:\Users\550072\.m2\repository\org\springframework\spring-aop\4.3.9.RELEASE\spring-aop-4.3.9.RELEASE.jar</AuxClasspathEntry><AuxClasspathEntry>C:\Users\550072\.m2\repository\org\springframework\spring-beans\4.3.9.RELEASE\spring-beans-4.3.9.RELEASE.jar</AuxClasspathEntry><AuxClasspathEntry>C:\Users\550072\.m2\repository\org\springframework\spring-context\4.3.9.RELEASE\spring-context-4.3.9.RELEASE.jar</AuxClasspathEntry><AuxClasspathEntry>C:\Users\550072\.m2\repository\org\springframework\spring-expression\4.3.9.RELEASE\spring-expression-4.3.9.RELEASE.jar</AuxClasspathEntry><AuxClasspathEntry>C:\Users\550072\.m2\repository\org\springframework\spring-web\4.3.9.RELEASE\spring-web-4.3.9.RELEASE.jar</AuxClasspathEntry><AuxClasspathEntry>C:\Users\550072\.m2\repository\javax\servlet\javax.servlet-api\3.1.0\javax.servlet-api-3.1.0.jar</AuxClasspathEntry><AuxClasspathEntry>C:\Users\550072\.m2\repository\javax\servlet\jsp\jsp-api\2.1\jsp-api-2.1.jar</AuxClasspathEntry><AuxClasspathEntry>C:\Users\550072\.m2\repository\javax\servlet\jstl\1.2\jstl-1.2.jar</AuxClasspathEntry><AuxClasspathEntry>C:\Users\550072\.m2\repository\commons-fileupload\commons-fileupload\1.3.1\commons-fileupload-1.3.1.jar</AuxClasspathEntry><AuxClasspathEntry>C:\Users\550072\.m2\repository\commons-io\commons-io\2.4\commons-io-2.4.jar</AuxClasspathEntry><AuxClasspathEntry>C:\Users\550072\.m2\repository\org\slf4j\jcl-over-slf4j\1.7.12\jcl-over-slf4j-1.7.12.jar</AuxClasspathEntry><AuxClasspathEntry>C:\Users\550072\.m2\repository\org\slf4j\slf4j-api\1.7.12\slf4j-api-1.7.12.jar</AuxClasspathEntry><AuxClasspathEntry>C:\Users\550072\.m2\repository\ch\qos\logback\logback-classic\1.1.3\logback-classic-1.1.3.jar</AuxClasspathEntry><AuxClasspathEntry>C:\Users\550072\.m2\repository\ch\qos\logback\logback-core\1.1.3\logback-core-1.1.3.jar</AuxClasspathEntry><SrcDir>C:\Users\550072\workspace\RaboAssignment\src\main\java</SrcDir><SrcDir>C:\Users\550072\workspace\RaboAssignment\target\generated-sources\annotations</SrcDir><WrkDir>C:\Users\550072\workspace\RaboAssignment\target</WrkDir></Project><BugInstance instanceOccurrenceNum='0' instanceHash='d68b1aa232d54630f25a914ab8441b54' rank='18' abbrev='Bx' category='PERFORMANCE' priority='2' type='BX_BOXING_IMMEDIATELY_UNBOXED' instanceOccurrenceMax='0'><ShortMessage>Primitive value is boxed and then immediately unboxed</ShortMessage><LongMessage>Primitive value is boxed and then immediately unboxed in com.cts.rabo.file.helper.FileHandlingHelper.setTransactionStatus(TransactionRecord)</LongMessage><Class classname='com.cts.rabo.file.helper.FileHandlingHelper' primary='true'><SourceLine classname='com.cts.rabo.file.helper.FileHandlingHelper' start='37' end='195' sourcepath='com/cts/rabo/file/helper/FileHandlingHelper.java' sourcefile='FileHandlingHelper.java'><Message>At FileHandlingHelper.java:[lines 37-195]</Message></SourceLine><Message>In class com.cts.rabo.file.helper.FileHandlingHelper</Message></Class><Method isStatic='false' classname='com.cts.rabo.file.helper.FileHandlingHelper' signature='(Lcom/cts/rabo/pojo/TransactionRecord;)V' name='setTransactionStatus' primary='true'><SourceLine endBytecode='233' classname='com.cts.rabo.file.helper.FileHandlingHelper' start='182' end='195' sourcepath='com/cts/rabo/file/helper/FileHandlingHelper.java' sourcefile='FileHandlingHelper.java' startBytecode='0'></SourceLine><Message>In method com.cts.rabo.file.helper.FileHandlingHelper.setTransactionStatus(TransactionRecord)</Message></Method><SourceLine endBytecode='28' classname='com.cts.rabo.file.helper.FileHandlingHelper' start='186' end='186' sourcepath='com/cts/rabo/file/helper/FileHandlingHelper.java' sourcefile='FileHandlingHelper.java' startBytecode='28' primary='true'><Message>At FileHandlingHelper.java:[line 186]</Message></SourceLine></BugInstance><BugInstance instanceOccurrenceNum='0' instanceHash='8c78003bb91948aef87fdda806cb4d9d' rank='19' abbrev='Dm' category='I18N' priority='1' type='DM_DEFAULT_ENCODING' instanceOccurrenceMax='0'><ShortMessage>Reliance on default encoding</ShortMessage><LongMessage>Found reliance on default encoding in com.cts.rabo.file.helper.FileHandlingHelper.getTransactionRecordsfromCSV(byte[]): new java.io.InputStreamReader(InputStream)</LongMessage><Class classname='com.cts.rabo.file.helper.FileHandlingHelper' primary='true'><SourceLine classname='com.cts.rabo.file.helper.FileHandlingHelper' start='37' end='195' sourcepath='com/cts/rabo/file/helper/FileHandlingHelper.java' sourcefile='FileHandlingHelper.java'><Message>At FileHandlingHelper.java:[lines 37-195]</Message></SourceLine><Message>In class com.cts.rabo.file.helper.FileHandlingHelper</Message></Class><Method isStatic='false' classname='com.cts.rabo.file.helper.FileHandlingHelper' signature='([B)Ljava/util/HashMap;' name='getTransactionRecordsfromCSV' primary='true'><SourceLine endBytecode='616' classname='com.cts.rabo.file.helper.FileHandlingHelper' start='48' end='88' sourcepath='com/cts/rabo/file/helper/FileHandlingHelper.java' sourcefile='FileHandlingHelper.java' startBytecode='0'></SourceLine><Message>In method com.cts.rabo.file.helper.FileHandlingHelper.getTransactionRecordsfromCSV(byte[])</Message></Method><Method isStatic='false' role='METHOD_CALLED' classname='java.io.InputStreamReader' signature='(Ljava/io/InputStream;)V' name='&lt;init&gt;'><SourceLine endBytecode='108' classname='java.io.InputStreamReader' start='72' end='79' sourcepath='java/io/InputStreamReader.java' sourcefile='InputStreamReader.java' startBytecode='0'></SourceLine><Message>Called method new java.io.InputStreamReader(InputStream)</Message></Method><SourceLine endBytecode='38' classname='com.cts.rabo.file.helper.FileHandlingHelper' start='67' end='67' sourcepath='com/cts/rabo/file/helper/FileHandlingHelper.java' sourcefile='FileHandlingHelper.java' startBytecode='38' primary='true'><Message>At FileHandlingHelper.java:[line 67]</Message></SourceLine></BugInstance><BugInstance instanceOccurrenceNum='0' instanceHash='56d1acc23367cd48dd0c3e6ce399c72a' rank='19' abbrev='Dm' category='I18N' priority='1' type='DM_DEFAULT_ENCODING' instanceOccurrenceMax='0'><ShortMessage>Reliance on default encoding</ShortMessage><LongMessage>Found reliance on default encoding in com.cts.rabo.file.helper.FileHandlingHelper.getTransactionRecordsfromXML(byte[]): new String(byte[])</LongMessage><Class classname='com.cts.rabo.file.helper.FileHandlingHelper' primary='true'><SourceLine classname='com.cts.rabo.file.helper.FileHandlingHelper' start='37' end='195' sourcepath='com/cts/rabo/file/helper/FileHandlingHelper.java' sourcefile='FileHandlingHelper.java'><Message>At FileHandlingHelper.java:[lines 37-195]</Message></SourceLine><Message>In class com.cts.rabo.file.helper.FileHandlingHelper</Message></Class><Method isStatic='false' classname='com.cts.rabo.file.helper.FileHandlingHelper' signature='([B)Ljava/util/HashMap;' name='getTransactionRecordsfromXML' primary='true'><SourceLine endBytecode='697' classname='com.cts.rabo.file.helper.FileHandlingHelper' start='100' end='135' sourcepath='com/cts/rabo/file/helper/FileHandlingHelper.java' sourcefile='FileHandlingHelper.java' startBytecode='0'></SourceLine><Message>In method com.cts.rabo.file.helper.FileHandlingHelper.getTransactionRecordsfromXML(byte[])</Message></Method><Method isStatic='false' role='METHOD_CALLED' classname='java.lang.String' signature='([B)V' name='&lt;init&gt;'><SourceLine endBytecode='36' classname='java.lang.String' start='566' end='567' sourcepath='java/lang/String.java' sourcefile='String.java' startBytecode='0'></SourceLine><Message>Called method new String(byte[])</Message></Method><SourceLine endBytecode='33' classname='com.cts.rabo.file.helper.FileHandlingHelper' start='105' end='105' sourcepath='com/cts/rabo/file/helper/FileHandlingHelper.java' sourcefile='FileHandlingHelper.java' startBytecode='33' primary='true'><Message>At FileHandlingHelper.java:[line 105]</Message></SourceLine></BugInstance><BugCategory category='PERFORMANCE'><Description>Performance</Description></BugCategory><BugCategory category='I18N'><Description>Internationalization</Description></BugCategory><BugPattern abbrev='Bx' category='PERFORMANCE' type='BX_BOXING_IMMEDIATELY_UNBOXED'><ShortDescription>Primitive value is boxed and then immediately unboxed</ShortDescription><Details>

  &lt;p&gt;A primitive is boxed, and then immediately unboxed. This probably is due to a manual
    boxing in a place where an unboxed value is required, thus forcing the compiler
to immediately undo the work of the boxing.
&lt;/p&gt;

    </Details></BugPattern><BugPattern abbrev='Dm' category='I18N' type='DM_DEFAULT_ENCODING'><ShortDescription>Reliance on default encoding</ShortDescription><Details>

&lt;p&gt; Found a call to a method which will perform a byte to String (or String to byte) conversion, and will assume that the default platform encoding is suitable. This will cause the application behaviour to vary between platforms. Use an alternative API and specify a charset name or Charset object explicitly.  &lt;/p&gt;

      </Details></BugPattern><BugCode abbrev='Bx'><Description>Questionable Boxing of primitive value</Description></BugCode><BugCode abbrev='Dm'><Description>Dubious method used</Description></BugCode><Errors missingClasses='0' errors='0'></Errors><FindBugsSummary num_packages='8' total_classes='12' priority_1='2' priority_2='1' total_size='351' clock_seconds='11.44' referenced_classes='98' vm_version='25.192-b26' total_bugs='3' java_version='1.8.0_192' gc_seconds='0.12' alloc_mbytes='455.50' cpu_seconds='14.51' peak_mbytes='168.22' timestamp='Sun, 13 Jan 2019 17:55:03 +0530'><FileStats path='com/cts/rabo/constants/ErrorConstants.java' size='11' bugCount='0'></FileStats><FileStats path='com/cts/rabo/constants/RaboConstants.java' size='29' bugCount='0'></FileStats><FileStats path='com/cts/rabo/controller/HomeController.java' size='15' bugCount='0'></FileStats><FileStats path='com/cts/rabo/exception/ApplicationException.java' size='31' bugCount='0'></FileStats><FileStats path='com/cts/rabo/file/generator/CSVFileGenerator.java' size='54' bugCount='0'></FileStats><FileStats path='com/cts/rabo/file/helper/FileHandlingHelper.java' size='93' bugHash='b755ad34d0c8b0c816a5aad93b8a98a4' bugCount='3'></FileStats><FileStats path='com/cts/rabo/pojo/BaseResponse.java' size='15' bugCount='0'></FileStats><FileStats path='com/cts/rabo/pojo/Status.java' size='11' bugCount='0'></FileStats><FileStats path='com/cts/rabo/pojo/TransactionRecord.java' size='58' bugCount='0'></FileStats><FileStats path='com/cts/rabo/pojo/TransactionStatus.java' size='13' bugCount='0'></FileStats><FileStats path='com/cts/rabo/service/IFileHandlingService.java' size='2' bugCount='0'></FileStats><FileStats path='com/cts/rabo/serviceimpl/FileHandlingServiceImpl.java' size='19' bugCount='0'></FileStats><PackageStats package='com.cts.rabo.constants' total_bugs='0' total_size='40' total_types='2'><ClassStats bugs='0' size='11' interface='true' sourceFile='ErrorConstants.java' class='com.cts.rabo.constants.ErrorConstants'></ClassStats><ClassStats bugs='0' size='29' interface='true' sourceFile='RaboConstants.java' class='com.cts.rabo.constants.RaboConstants'></ClassStats></PackageStats><PackageStats package='com.cts.rabo.controller' total_bugs='0' total_size='15' total_types='1'><ClassStats bugs='0' size='15' interface='false' sourceFile='HomeController.java' class='com.cts.rabo.controller.HomeController'></ClassStats></PackageStats><PackageStats package='com.cts.rabo.exception' total_bugs='0' total_size='31' total_types='1'><ClassStats bugs='0' size='31' interface='false' sourceFile='ApplicationException.java' class='com.cts.rabo.exception.ApplicationException'></ClassStats></PackageStats><PackageStats package='com.cts.rabo.file.generator' total_bugs='0' total_size='54' total_types='1'><ClassStats bugs='0' size='54' interface='false' sourceFile='CSVFileGenerator.java' class='com.cts.rabo.file.generator.CSVFileGenerator'></ClassStats></PackageStats><PackageStats package='com.cts.rabo.file.helper' priority_1='2' total_bugs='3' priority_2='1' total_size='93' total_types='1'><ClassStats bugs='3' size='93' priority_1='2' priority_2='1' interface='false' sourceFile='FileHandlingHelper.java' class='com.cts.rabo.file.helper.FileHandlingHelper'></ClassStats></PackageStats><PackageStats package='com.cts.rabo.pojo' total_bugs='0' total_size='97' total_types='4'><ClassStats bugs='0' size='15' interface='false' sourceFile='BaseResponse.java' class='com.cts.rabo.pojo.BaseResponse'></ClassStats><ClassStats bugs='0' size='11' interface='false' sourceFile='Status.java' class='com.cts.rabo.pojo.Status'></ClassStats><ClassStats bugs='0' size='58' interface='false' sourceFile='TransactionRecord.java' class='com.cts.rabo.pojo.TransactionRecord'></ClassStats><ClassStats bugs='0' size='13' interface='false' sourceFile='TransactionStatus.java' class='com.cts.rabo.pojo.TransactionStatus'></ClassStats></PackageStats><PackageStats package='com.cts.rabo.service' total_bugs='0' total_size='2' total_types='1'><ClassStats bugs='0' size='2' interface='true' sourceFile='IFileHandlingService.java' class='com.cts.rabo.service.IFileHandlingService'></ClassStats></PackageStats><PackageStats package='com.cts.rabo.serviceimpl' total_bugs='0' total_size='19' total_types='1'><ClassStats bugs='0' size='19' interface='false' sourceFile='FileHandlingServiceImpl.java' class='com.cts.rabo.serviceimpl.FileHandlingServiceImpl'></ClassStats></PackageStats><FindBugsProfile><ClassProfile avgMicrosecondsPerInvocation='3634' totalMilliseconds='2431' name='edu.umd.cs.findbugs.classfile.engine.ClassDataAnalysisEngine' standardDeviationMircosecondsPerInvocation='15230' maxMicrosecondsPerInvocation='217924' invocations='669'></ClassProfile><ClassProfile avgMicrosecondsPerInvocation='28215' totalMilliseconds='1721' name='edu.umd.cs.findbugs.classfile.engine.bcel.MethodGenFactory' standardDeviationMircosecondsPerInvocation='216849' maxMicrosecondsPerInvocation='1707921' invocations='61'></ClassProfile><ClassProfile avgMicrosecondsPerInvocation='80436' totalMilliseconds='965' name='edu.umd.cs.findbugs.classfile.engine.bcel.ConstantPoolGenFactory' standardDeviationMircosecondsPerInvocation='266391' maxMicrosecondsPerInvocation='963957' invocations='12'></ClassProfile><ClassProfile avgMicrosecondsPerInvocation='7236' totalMilliseconds='709' name='edu.umd.cs.findbugs.detect.FieldItemSummary' standardDeviationMircosecondsPerInvocation='58673' maxMicrosecondsPerInvocation='584009' invocations='98'></ClassProfile><ClassProfile avgMicrosecondsPerInvocation='3145' totalMilliseconds='308' name='edu.umd.cs.findbugs.detect.OverridingEqualsNotSymmetrical' standardDeviationMircosecondsPerInvocation='29063' maxMicrosecondsPerInvocation='289365' invocations='98'></ClassProfile><ClassProfile avgMicrosecondsPerInvocation='454' totalMilliseconds='301' name='edu.umd.cs.findbugs.classfile.engine.ClassInfoAnalysisEngine' standardDeviationMircosecondsPerInvocation='1517' maxMicrosecondsPerInvocation='31313' invocations='663'></ClassProfile></FindBugsProfile></FindBugsSummary><ClassFeatures></ClassFeatures><History></History></BugCollection>